rp_id,signal_warmth_marker,signal_disclosure_escalation,signal_returns_visit
dgbdk7z,0,1,0
e5t3oxh,0,0,0
dhj8tcb,0,0,0
dyvq1ne,0,0,0
eg40ecq,0,0,0
d9hmspc,0,0,0
eh9cb6a,0,0,0
ds9oti2,1,0,0
e0oz7y1,0,0,0
dqje246,1,0,0
dbstkc3,0,1,0
dnue2hm,0,0,0
dtuopol,1,0,0
e44llwe,0,0,0
ecx2gco,1,1,1
ecs529t,0,0,0
dz25gpo,0,0,0
dnuofxb,0,0,0
dehmbgx,1,0,0
d76kxsp,0,0,0
d9o4ss3,0,1,0
ee0zvki,0,0,0
d18svfi,1,0,0
d7okpmm,0,0,0
deozw6l,1,1,1
e1khigz,0,0,0
df4zctv,0,0,0
d9rrwzq,0,0,0
do4xd9d,1,0,0
d7cifel,0,0,0
dqauptb,0,0,0
e30aswq,0,0,0
ehcws6m,0,0,0
du6wne4,0,0,0
dg3tl9l,1,0,0
dq9m34m,0,0,0
dq2xffm,1,0,0
dmd08x0,0,0,0
dcqzatf,1,0,0
e0rck6m,0,0,0
dnh1x5v,0,0,0
d076i8t,1,0,0
d5l4ikp,0,0,0
dhh6rh8,0,1,0
efuency,1,0,0
du6glnp,0,0,0
e031zmb,0,0,0
dxmdx5u,1,0,1
dp3d78n,1,0,0
dvrblpq,0,0,0
ef9wa41,0,1,0
e1o1z1m,1,0,0
di1eayy,1,0,1
e02fiyo,0,0,0
ded0uva,0,0,0
czilwjh,0,0,0
e248su2,0,0,0
e43jm11,0,0,0
eczl002,1,1,0
dtxvirk,1,0,0
drf7fp3,0,0,0
d5ygwc3,0,0,0
dpr2j2s,0,0,0
e3ufpuf,1,0,1
dswzg71,1,0,0
e5cw70m,0,0,0
d79eey5,0,0,0
dl77r7h,1,0,0
d9j9jdo,1,0,0
dseuigj,0,0,0
dr6qlb0,0,0,0
e1imena,0,0,0
e4h2q35,0,0,0
dlyjhsx,0,0,0
dgtvsnc,0,0,0
d9lanb3,1,0,0
da14epr,0,0,0
df8zgb9,1,0,0
ee3ih48,0,0,0
da903n9,0,0,0
d38rr6v,0,0,0
drrwnq7,1,0,0
dn7d9b0,1,0,0
d8t7my8,0,0,0
dbavdkj,1,0,1
eb97xgf,0,0,0
dafzbcp,1,0,0
dwwibke,0,0,0
ddtar8i,1,1,1
dyw38lq,0,0,0
e8799hm,1,0,1
ds1l9jk,1,0,1
dyxniz8,0,0,0
dvyu0kk,0,0,0
d53v6ke,0,0,0
dtwwsfk,0,0,0
dn66pqn,0,1,0
e4rpn7m,0,0,0
ebqr262,1,0,0
